Model,Accuracy,Kappa
Decision Tree,0.5369450358804511,0.09142721334502339
Random Forest (ranger),0.583865625739295,0.14817059306852645
GBM,0.5795547144021239,0.14511868416705895
